source_option_value	name_az
7	Ağcabədi
4	Ağdam
6	Ağdaş
8	Ağstafa
10	Ağsu
9	Astara
78	Babək
1	Bakı
14	Balakən
13	Beyləqan
12	Bərdə
15	Biləsuvar
26	Cəbrayıl
25	Cəlilabad
27	Culfa
24	Daşkəsən
23	Dəliməmmədli
60	Füzuli
36	Gədəbəy
2	Gəncə
18	Goranboy
17	Göyçay
19	Göygöl
20	Göytəpə
77	Hacıqabul
22	Horadiz
32	İmişli
33	İsmayıllı
37	Kəlbəcər
41	Kürdəmir
42	Laçın
43	Lerik
11	Lənkəran
45	Masallı
46	Mingəçevir
47	Naftalan
48	Naxçıvan
49	Neftçala
50	Oğuz
51	Ordubad
35	Qax
34	Qazax
16	Qəbələ
21	Qobustan
38	Quba
40	Qusar
52	Saatlı
53	Sabirabad
68	Şabran
54	Salyan
73	Şamaxı
55	Samux
72	Şəki
69	Şəmkir
70	Şərur
74	Şirvan
56	Siyəzən
3	Sumqayıt
75	Şuşa
58	Tərtər
57	Tovuz
59	Ucar
62	Xaçmaz
61	Xankəndi
67	Xırdalan
66	Xızı
64	Xocalı
65	Xudat
76	Yardımlı
28	Yevlax
29	Zaqatala
31	Zərdab
